Review,Actual Sentiment,Sentiment Score
asked plan character godzilla x kong new empire say throw everything wall see stick director adam wingard adopted approach making film occasion little randomly tossed actually stick smackdowns film creature loud frantic reasonably fun plot sloppy turd titan proportion stinky contrived overblown mess brought life maelstrom convincing cgithe script absolutely terrible majority film either scratching head confusion laughing preposterousness kong equipped metal fist undeniably cool idea fact protagonist happen device hand hollow earth crazy especially one built antifrostbite serum vet know extract kong tooth also know fly hollow earth hover ship clearly man many talent god know iwi tribe glowing pyramid deal glowing spike nasty ape used control ice lizard everyone suddenly start floating around hollow earth might explanation point became lost chaosafter godzilla minus one suggest leaving future film featuring big lizard japanese rounded kaylee hottles perpetually anxious look doesnt girl expression,Negative,-0.08306677890011224
live yuck valdosta georgia raining day tornado watch inside house day past several day needed escape home went get essential mryyh oil across street shop went purchase mryyh remembered new movie went theater watched pm showing like godzilla kong movie past year one entertaining laughing surprise move jumped special effect good storyline boring,Neutral,0.03298701298701299
see imax first recommendation get ready completely suspend disbelief go wild whacky journey pure wonderfully silly megamonster romping even throw titan lore get see several great beside kong godzilla expect realism would ridiculous really fun megamonster movie wall wall special effect cgi kong probably endearing ever lovely treatment mothra well loved movie kid happy keep supporting action drama fyi grab popcorn enjoy,Positive,0.26322751322751325
like godzilla general vastly prefer tohos output legendarys franchise thought first mediocre different quality wise predecessorsthis film followed footstep gvk kotm trying fix problem previous installment mess something else fight scene gvk dragged tried make shorter however action sequence godzilla bland speaking godzilla legitimately felt like regular old side character rather main character mention move im kidding say godzilla move like crack movement weird unnatural disappointing came godzilla seeing get sidelined crushingi tell tried make great film first act put bunch separate action sequence scene trying entertain audience said completely sided extremely short fight really doesnt entertain u however writer come smart choice throughout film set twist well plot underwhelming mv film decent plot went downhill dont even get started ended film home like mean know girl trying say couldnt figure better linespeaking film lot point make sense logical perspective hollow earth get light tribe end without advanced technology survive high temperature inner part earth list go onhowever nail one thing kongs plot action scene legit fun entertaining albeit felt like didnt know start opening kong chilling obviously came theater see godzilla kong dont much complain kong team think creative idea get fight going even wasnt best human plot significant improvement previous installment final battle entertainingrating,Neutral,0.10918881506090808
alright dude godzilla √ó kong new empire wasnt great basically kong movie godzilla barely showing try make kong monster act humanlike kinda weird there annoying little ape character suko sound like clown horn look like something coldplay videothe whole movie feel like mix avatar new planet ape movie good way seems like borrowed idea film best part scene giza godzilla kong stuff hollow earth okay monster fight super lamethe acting fine nobody really stand except maybe rebecca hall kaylee hottle brian tyree henry dan stevens arent many human one good thingoverall movie huge disappointment want see giant monster smashing stuff movie isnt really guess ill stick japanese godzilla movie whole franchise make want watch even least kong skull island decent,Neutral,0.13972048066875659
ive got say expected one big action pack movie absolutely entertained way youre like people give low review expect dark serious monster movie like minus one youll disappointed shouldnt even thinking way first place look marketing movie would know thats nothing like two hour period movie think pretty good one actually think best one obvious reason there lot monster human character wanted start see lot people saying there enough human character screen give interesting enough story say human focusing like wanted first place,Positive,0.08257575757575758
everyone comparing godzilla x kong new empire godzilla minus one bad move two film completely different tone compared legendary make godzilla movie godzilla tone must also welcome something different action sequence world cgi human character best legendarys monsterverse get sure watch big screen vibrance also another feature film make fall love maybe wont received well critic audience make movie successful audience love thumb üëç,Positive,0.2990909090909091
long time favorite monsterverse movie first one kotm good never liked overdramatic godzilla v kong hand great interesting dynamic loved jia godzilla x kong new empire released wasnt excited old time new monsterverse film thought potential decided watch cinema along amigo friend mine saw yesterday liked blastfirst people say human character monsterverse bland personally film main one actually good three cast godzilla v kong back film like bernie comic relief film enjoyed liked helped kong last rdkong film like kratos god war also along little kong reminded like god war norse saga kratos son atreus great see godzilla film kinda hardly film busy protecting surface world film hollow earth kong wasin film character hollow earth also manage find jias original family race think jia best human character monsterverse much care kong communicate sign languageand man mothras return quite surprise joy watch year mothra back better ever love scene jia meet mothra front others love jia mothra work together help godzilla kong defeat evil kong scene godzilla kong meeting mothra jia putted big smile facethe last third favorite last third monsterverse film ending good consider last monsterverse film really bad conclusionmy favorite monsterverse filmand mothra best kaiju best waifu,Positive,0.2387696408529742
people high enough testosterone level truly appreciate movie truly eye opening philosophical beautiful many level piece cinema conversation cinematography acting masterpiece express grateful world live providing unique opportunity witness heavenly movie looked like provided god almighty loved director made godzilla sleep colliseum thus referring glory roman empire incredible plot managed even put history lesson shooting different scene historical cite,Positive,0.30178030303030307
godzilla x kong new empire delivers outstanding kaiju battle epic adventure hollow earthfor first time monsterverse film us plot twiststhe story two distinctive plot point one kong one godzilla kong focus hollow earth godzilla taking advantage surface earth jias vision give glimpse hidden threat within hollow earth monarch team dr irene kong along trapper dan stevens search hollow earththe adventure continues explore hollow earth witness one outpost destroyed none skar king mark handprint glimpse mothra stone wall give goosebump dr irene thought jia last iwi tribe iwi tribe give background history kaiju war skar king shimo really like fact godzilla one imprisoned themthe movie different fight epic gorgeous vfx godzilla fight scylla tiamat kong fight drownviper related ape fight scene skar king kong ape lair lava goosebump evolution power radiation godzilla film super awesome way absorbs energy powerful becomeswhen two level power level skar king shimo along ape army seek blue portal exists hollow earth godzilla fight kong egypt mothra return rebirth diffuses fight trio go hollow earth portal fight zero gravitythe climax full kaiju mayhem good ending plot twist film shimo controlled skar king true villain suffered skar king command got revenge freezing cruel kaijuoverall worth watch fun perfect kaiju movie,Neutral,0.1638975966562173
godzilla king kong movie always get mixed reaction one hand movie feel like quick monster movie watch anybody hand felt like wasted potential regarding premise movie recent watching godzilla minus one imma mixed bag movie visuals actually pretty nice pretty dope look especially look monster scene kong feel like see cgi hand godzilla monkey actually look pretty damn cool one thing actually irritated human plot line human really well like godzilla mine one movie kind feel generic there always group people kinda dont make sense around except little girl mother people dont personal motivation especially funny one one character fixed kong tooth dont real motivation real personal goal want achieve thats another waste potential opinion villain scar king pretty cool feel like little step godzilla versus king kong theyre actually cool personal motivation regarding corporation mega godzilla want replace godzilla scar king opinion personal motivation point view audience look certain story element kind intriguing like kong underworld forgot name called wasted potential couldve went somewhere kong alone one revealed he one deal trying become king another thing kind bother godzilla reason godzilla bother barely got see godzilla godzilla king kong movie opinion godzilla highlight show jumping body slamming sort stuff king kong cool equal character name title overall mixed reaction bad kind good point made bad movie mid action pas time movie bad,Neutral,0.09193620844564236
monkey awesome lizard cool make big put one movie golly gee got hooked big butterfly dope indeed monkey reminiscent dream jungle many animal friend one much like large villain movie king wait villain king nvm last part also big snake hypnotized like song biggie also bear dream pretty cool think dream jungle book yk movie like jungle book godzilla thats pretty cool,Positive,0.21026785714285715
although im massive godzilla fan interest lie kongs side mean ever since watching king kong mind arse ever since love passionthe thing ruin latest instalment boring human segment way monster shownthey dont come across foot foot like human sized anybody get im heremaybe cartoony cgi fact character far many human characteristic might reason dont feel like giant sized bastard wouldnt stand planet ape movie well maybe godzy would look odd irrelevant trying say hereits crap film could done far le human interaction better cgibut hey didnt make film well reviewer really enjoy maybe try belittle others work concentrate good thing life,Positive,0.022708333333333337
typical monsterverse movie wife agreed like watching guardian galaxy movie entertaining soundtrack pretty good anytime put kiss soundtrack good thought monster looked pretty good steroid kong pretty funny thanos gauntlet kind excited see baby kong going forward plus godzillas bed look like cat bed funny see sleep twice hopefully go back godzilla minus one type movie advise future viewer see matinee time definitely worth full price,Neutral,0.3063725490196078
epic alliance gone day godzilla kong rival gxk hint legendary teamup imagine raw power godzillas atomic breath combined kongs agility strategic mind alliance promise fight unlike anything weve seen forcing confront threat far greater either could handle alone unveiling new titan monsterverse teased glimpse colossal creature gxk rumored finally bring forefront witnessing new titan design power interacting established one spectacle leave audience awe deeper dive hollow earth previous film hinted mysterious subterranean world gxk promise delve deeper imagine breathtaking world teeming life monstrous beautiful expansion monsterverse mythology gamechanger offering whole new dimension explore humanity role evolved monsterverse film havent shied away humanity struggle titan gxk supposedly elevates humanity role might see advancement antititan weaponry alliance ancient civilization posse knowledge creature shift make human contribution story impactful director vision director behind gxk known bold storytelling stunning visuals past work hint film thrilling thoughtprovoking expect push boundary genre delivering truly unforgettable cinematic experiencebonus moment imagine telling friend saw epic new titan battle big screen anyone else early adopter potentially historic film give bragging right year comegxk isnt sequel potential turning point monsterverse promise epic battle groundbreaking visuals expanded universe mustwatch kaiju fan dont miss chance part cinematic event,Positive,0.18285489020783136
fun romp inner earth many kaiju fight fun engaging sequence film solely fun isnt bad thing film fun usually forgotten quite quickly remembered usually select sequence action peril overarching plot character quickly forgotten amongst many action sequence far engaging character plot type film one put turn brain watch big monkey lizard fight thing cause damage nothing wrong leaf much desired regard,Neutral,0.11507936507936511
worst plot casting weak cgi hollywood must think cinema goer stupid beside main actress none actor likable screen presenceonly redeeming minute skar king laugh kong silver false toothnot worth wait dvd streaminganything scientific totally suspended logical explanation might well fairytale scifyonly redeeming minute skar king laugh kong silver false toothi went see ghostbusters late show ended watching garbage waste money time,Negative,-0.04114583333333334
going movie pretty much know youre gon na get bunch fantasy creature kaiju battling thing like movie little take seriously im glad way movie nothing like godzilla minus one captivating character movie heartfelt scene reason doesnt like action packed entertaining blast kind movie playing background really invest film lot kaiju scene really made movie youre fantasy creature colossal fight scene dont bother movie plot human character lackluster thankfully show equally much kaiju human really redeemed movie overall fairly strong installment kaiju universe thats worth watching,Neutral,0.20979166666666668
recap movie made people want love monster fighting rather drama full explicit sex nudity bad ending symbolize cinema lead people depression walking theater comparing movie also appear franchise im looking dowd godzilla fan service since showa era delivers also comparison like calling minus one majestic godzilla x kong productbruh movie love letter monster minus one also product also andrea chase think better there director make movie monster hitting world trade center rather plane calling cinematic tragedy also godzilla didnt get positive review godzilla minus one never made thats see ya,Positive,0.08884297520661158
friend went see movie really enjoyed friend went moon gave solid audience doesnt want anything serious hella perfectthe story wasnt anything new havent seen serf movie good biggest problem human character like godzilla v kong character flat would rather watch monster fight themthe direction adam wingard pretty good action particulat really well done really see whats going onthe actor ok part script given finegiant praise vfx everything looked amazaing see money went place like captain marvel example million dollar budget money looked awfulthe music good wouldnt buy soundtrack served storyoverall want fun hour movie perfect,Neutral,0.3080018939393939
many monsterverse movie take legendary understand want monster action better human charactersgodzilla x kong new empire th entry legendarys godzilla kong universe like movie came new empire problemsnone character memorable much le relatable still take lot runtime godzilla minus one prof healthy balance wellwritten human drama kaiju conflict legendary prefers take turnyourbrainoff approach doesnt work there much exposition even character guess happening movie nothing made sensethere moment uninterrupted fight titan fun far dozen monster tohos lineup legendarys disposal instead opt create uninspired notsomenacing threat point ever feel like anybody dangerspeaking godzilla afterthought apparent reason loved kongs story even addition baby kong excited human element storythe new empire nonsensical slog fun action scene monster offered nothing else script contrived lack godzilla criminal yet part hope franchise continues improves,Neutral,0.19755892255892252
dont know expected going see cinema wasnt guess expected focus human le titan againbut yeah human mostly footnote story could almost completely told without human add little flavour mix especially dan stevens kinda biased towards ive loved work everything ive seen farall aside kong great massive godzilla pretty damn impressive massive kong got look titan well pretty impressively brought life gripe kong early going filmmaker tried humanise little much kinda fell flat thing actually got moving shaking though got lot better,Positive,0.20869565217391303
nut shell feel like lost brain cell watching gave generous score kind people worked hot mess spoiler thisbetween golom baby ape highly inteligent animal magically repairing roman colussium random alternating scaling creature much massive fight couldnt hide one cant help think creature always end fighting getting destroying around famous land mark bridge monument pyramid suddenly brazil avoid christ statue guess editor figured destroying land mark would offensive much wont go anymore people put seat blood sure studio understand making money mindless entertainment cant get mind human body count destroyed city,Neutral,0.09566666666666666
couldnt wait end first one run monstersverse movie know wont rewatch dont know tipped balance either timeive enjoyed far even considered gvsk enjoyable considering big change tone surprise mesaying movie ridiculous considering subject matter previous film stupid realise really think may little interest timegodzilla top billing two least screen time whyso much happens happen forward plot convenient plot point plentifulthe human character pointless still ridiculous blooming titan vet goodness sake wtfat least majority human dont actually speak actually play second fiddle majority film really bug keep continuing increase humanisation kong filmantagonist introduced far late really lame comparison previous instalment generally poor round,Negative,-0.06393678160919539
really interesting gojira effortlessly traverse two distinct cinematic realm reflecting emotionallyresonant realisticallytragic gravitas gojira minus one contrasted hyperenergized fiercelyheroic guardian nature persona godzilla x kong big g take challenger megaberserker attitude ecstatically jumping headfirst every brutal fight without slightest hesitationthe new godzilla x kong mean perfect film probably unfair directly compare nearly pristine artistic achievement minus one however gxk definitely exhibit ample dos rollercoaster level adrenaline rush throughout many spectacular titan battle come extremely fast furious fact one criticism film seems jampack bit much acceleratedaction relatively short runtime really wish time spent revealing intriguing backstory ice dragon shimo flesh mythology shimo might actually one original titan authentic ancient ancestor gojira bright side king kong baby kong screen time allowing genuine bonding develop also really liked jias sidestory rediscovering hollowearth heritage revealing direct connection peaceloving mystical mothraoverall thought gxk certainly worthwhile watch appreciate gojira travelling back late showa era root ferocious unbeatable guardian earth pitted threat humankind since late showa gojira eagerly awaited watch small kid whenever campclassic movie appeared tv rerun destroy monster perennial favoriteit also interesting see legendary picture adam wingard choose direct monsterverse toward future feel like godzilla need alltoho teamup adventure next time bringing back rough tumble buddy anguirus japan allstars possibly heisei era villain biollante destroyah case think godzilla x kong provides enough hyper creativeenergy bursting ample excitement adrenalinerush entertainment value justify many monsterverse outing future,Positive,0.14057865892972277
one person said would say lp wb wanted eat hamburger much aditive would say also lack dialogue lack tension fast forwarding much roaring screaming godzilla minus one would kick as company learn toho hope use money movie invest knowledge hilarious every year old would consider movie failure sure people imdb rate mean insult excellent movie would recommend movie unless people eager see unseen unreal godzilla acrobatics ü§£,Negative,0.19708333333333333
sorry fan kong brought tear way hodge podge inane scriptwriting acting put u enjoythe actor played dim witted version ability hope thats best showi know supposed fantasy brilliant cgi completely wasted ridiculous story think story maybe sometimes le memorable actingone scene stick utterly inept showing chopper carrying small bit tech somehow miraculously able cover kongs hand elbow needed fullsize people cover one finger nailsi truly sorry say waste time although yet try watching muted doubt even might make saving grace,Negative,0.07820512820512822
godzilla x kong fun packed movie wont let get seat movie picturization cgi top notch kongs character development bond jiya ilene also developed good thing jiya given great responsibility movie give good development character thought useless many including however character movie godzilla mothra shimo underutilized godzilla literally king monster movie treated like side character adam wingard focus kong character related perhaps focus little bit godzilla play integral role monsterverse would appreciated movie point followed monster lore explored even morei give movie score,Positive,0.2829545454545455
plot kong godzilla new empire earth face painted tribal people use crystal control gravity looking psychic deaf girl need awaken mother moth shoot magical spider web order unite old man king kong minime nuclear godzilla stop big red monkey bone bullwhip ice breathing lizard dogit would better plot monster human like rest universe mostly human dumb unlikeable stupid one human dumb unlikeable stupid previous filmsall four prior film charm one lack super dumb worth seeing theater stay home dont watch,Negative,-0.05641945773524721
left theater watching gxk feeling way felt watching kotm surei hope since godzilla v kong good turnaround monsterverse slightly disappointing previous film huge spectacle amazing cgi film fall shortfrom first scene cgi questionable looked almost cartoony script complete dumpster firewhile appreciate cheesy battle almost many final battle came went found pretty underwhelmed battle leading seemed biggeri get theyre trying draw bigger audience demographic movie fell short unfortunately really pretty shot good camera work movie whole tell cheapest monster verse film dateand reuse lot music godzilla v kongill still buy soon come definitely something could see enjoy havent watched previous installment,Neutral,0.11507936507936509
think addition godzilla x kong im going spoil anything way monster looked like massive threat absolutely flawless hence reason headline wrote heading right direction obviously everyone know godzilla kong partnered shown trailer really want see movie monster go toe toe want watch wwe lol direction obviously put time effort hopefully get another godzilla kong movie hopefully jack black return kong universe even cameo role sort rekindle time kong future tell loved movie üëçüèº,Positive,0.2819047619047619
x title mean godzilla multiplied kong godzillas ex kong one earth beneath surface heck get sun vegetation look bright amazon jungle another sun inside earth hallow earth trust put logical brain utterly coma able watch movie still dumb movie acting dialogue everything else bad almost everyone either angry agitated awaiting doom day even nothing happened yet joke flat place feel like early generation ai written movie bored wanker monster fetish,Negative,-0.08020833333333331
movie heard coming wasnt overly excited im sure since fun look like comic book movie guess godzilla minus one blew away pale comparison regardless saw opening thursday gateway film center list movie see weekend one worked best daysynopsis two ancient titan godzilla kong clash epic battle human unravel intertwined origin connection skull island mysterieswe start seeing king kong life hollow earth area surface roams hunt killing thing food giant gorilla searching others like hasnt found anything end opening sequence there earthquake reveals there something underneath also see monarch base nearby picking something well look like uncharted area subterraneanup godzilla still roaming world defeating titan getting territory ilene andrew rebecca hall head kong operation monarch theyre getting signal explain notice daughter jia kaylee hottle drawing signal tell ilene feel like someone calling psychically signal cause reach bernie hayes brian tyree henry he conspiracy theorist blogger podcaster right thing think outside box need helpgodzilla also seems affected signal see attack power plant france drawing power set sight attacking tiamat another titan absorbs solar energy king kong also come surface infected tooth monarch reach trapper dan stevens help he titan veterinarian replace tooth metal one must done fast godzilla come invasion territorythis signal need figured late ilene lead team trapper mikael alex fern bernie jia figure find monarch base hollow earth destroyed discover temple look made human also reveals legend involves king kong godzilla titan one known skar king shiva king kong isnt strong enough defeat threat alone hell need help monarch must convince godzilla titan prevent destruction planet know itthat ill leave recap introduction character want start best part movie outside action battle sequence lore continue build take entity religion incorporate titan includes tiamat shiva theyll take conspiracy theory like hollow earth use well also good borrow earlier kaiju movie story element im fan well wanted give information delve deeper themwhere ill go would new titan id say good build previous movie set know coming hollow earth thing world king kong know specie called world home cant find he continuing search lead go deeper subterranean area thats legend explored kongs race defender humanity godzilla defender earth interesting learnt skar king good also introduces shiva know hinduism closely final fantasy game god ice deity supposed rival godzilla least thats present element tribe lived skull island also tiamat mesopotamian goddess appears final fantasy game normally villaini want shift last idea play idea kong looking others like place said jia struggling school ilene determined make feel welcome find something bring heart movie appreciated idea explored even discover giant ape jias missing tribeall left story noticed there le commentary environment im fine went bit heavy idea last couple movie focused hollow earth lean saving world destruction well id also say seeing there vet help titan trapper also theyre still dealing government wanting take program thats passing idea something stressed though seeing titan destroy thing like colosseum great pyramid giza ive seen former know breathtaking there realist part got tenselets go filmmaking mean cgi effect movie working high budget effect point ill honest look great especially big screen movie made theyre cgifest like comic book movie still fun fight sequence wild thing love seeing godzilla wreck monster building cinematography good frame thing bring place dont exist life good soundtrack also didnt seem feature iconic godzilla theme issue rest music worked sound design bring creature lifeall left acting hall fine shes good actress performance isnt focus like scientist wanting help kong turn world henry add comedy he also smart thing people dont believe liked addition stevens he surfer guy good time he also smart field hottle solid role featured prominently worked fern fala chen rest cast rounded needed kaijus focus one bad though askin conclusion fun popcorn movie include horror since lump kaiju film isnt traditional horror outside ill say love building mythology monster seeing battle draw incorporating titan great well made big budget cgi look good framing cinematography capture good wont everyone want something shut brain roll youmy rating,Neutral,0.15728735550164116
movie delivers classic kaiju action fun accessible ultimately forgettable monsterverse landscape visuals fantastic ton epic monster brawl screen plot feel bit thin especially final fight human character purely functional explain thing move story along leaving kaiju surprisingly personality ideally human monster would compelling character left cool fight lack emotional investment popcorn flick pure simplea thing might add legendary spoil villain andor power,Neutral,0.17474937343358396
action scene exciting cooler visually character humor missing previous movie much story though kong attacked ape ice dinosaur skull island survivor first movie go skull island hope stop godzilla destroying various part asia europe find cave hieroglyphic creature make peace mothra must summoned oddly creature find egypt even though dont know anything geography country apart,Neutral,0.011666666666666672
godzilla kong wouldve made great team lot convince would honestly godzilla x kong new empire okay movie probably weakest monsterverse movie far movie would mostly rely onto story kong forgot give plot godzilla would see godzilla travel thats much new like monsterverse movie really care human character felt havent gotten lot character suitable movie one see try put effort movie purpose jia however well enough exciting monster film awesome battle scene feature ability monster along great atmosphere hollow earth id say good movie godzilla fan monster fight youre expecting something like godzilla minus one wouldnt set expectation high bad monster movie couldve done lot,Neutral,0.29382775119617227
say terrible movie treat movie want plot good acting etc however godzilla fan im plot actor im glad director realize movie mainly focused godzilla kongalbeit abit kong human character part enjoyable entertaining watch appreciated millie bobby brown trying take focus away monster even lighthearted usual legendary seems making mass market main critique couldve kept style godzilla kom wouldve perfect monster mash overall id rate godzilla kom gvkgvkg,Positive,0.24880952380952379
went watching film morning year old son wow enjoy watched recent godzilla kong film enjoyed film knock park saying oscar winning classic film everyone genre monster v monster action movie beatenthe action fight scene dont stop throughout entirety film monster kong godzilla come throughout film different time meaning film brings life wide variety different specie titan duo battle mean one battle two specie fighting next story might nonsensical keep movie moving throughout explains everything keep viewer loop let honest dont go watching film like one story go entertained film definitely,Positive,0.13463541666666667
love monster movie kong expressive display lot emotion without word making move le dependent human movie kong godzilla op guest appearance need work story mindless action fun best enjoy movie slow burn start pick pace quick half time little bit balance pace would better end felt little rushed visually stunning personally didnt like shiny design secondary villan scar king awesome needed explored interesting character,Positive,0.24166666666666667
ok citizen kane notif like big cgi monster hitting two hour look furtherif liked previous two godzilla kong movie probably like check brain door dothe acting patchy dan stevens steal every scene little kid annoying whilei shocked surprised amount people monster would killed trashing rio cairobut trying look logic movie like pointless sit back enjoy madness forget immediately,Neutral,-0.054166666666666655
expectation whatsoever watching film trailer dropped kind disappointed one hell ride theatre really enjoyed fun action packed comedy two gigantic monster fighting big screen damn fun kong main focus story make sense character connect people human character actually likable one especially brian tyree henry bernie dan stevens trapper rebecca hall character dr irene andrew good aswell main thing loved film epic climax great overall film fun entertaining thats,Neutral,0.26228070175438595
godzilla fanboys seem think godzilla godzilla v kong technically also kong one well allow explain godzilla v kong kong knocked godzilla axe minute however unknown reason kong walk away dont know thats bad writing direction anyway godzilla knocked kong grab axe slice godzillas head reason doesnt walk away allowing godzilla recover situation isnt spoken however mind kong clear winner one see similar situation wanting fight kong get attacked trying lure godzilla hollow earth kong able knock godzilla infinity glove pound godzilla till he cold mean kong winner could killed godzilla wanted wasnt plan plan needed godzillas help started drag hollow earth getting godzilla fan get knocked first fight opponent opportunity finish youve lost fight first movie bad directing fight still cant understand kong walked away godzilla cold anyway really fun movie really enjoyed,Positive,-0.08958333333333335
buddy kristian harloff best entertainment podcast big thing said best youre excited movie read hear review whose major point movie dont care human disregard see anyway people going movie wrong mindset dont really want see kaiju aka giant monster movie course human story doesnt matter story also counterpoint care human great complement true star flick godzilla kong mothra godizilla minus anomaly even original flick human story minus comparable flick movie much fun loving monsterverse including kurt wyatt russell led tv series monarch started gareth edward godzilla eagerly await godzilla kongs next adventure,Positive,0.21812499999999999
human screen time enough dont even need human kong movie g x k movie movie gave kong much spotlight godzilla like support character godzilla fan accept godzilla screentime movie boring beside g v kong isnt fair scar king little bad villian weak lose kong also smaller kong tho us much power shimo shimo loser however still show brutal monkey kill suko mom smth like thatrate,Positive,-0.16057692307692303
godzillas reduction almost cameo one notwithstanding need start truly scary going ape full pun intended hong kong previous outing step right direction he longer seen allbenevolent protector mankind he happy demonstrate hell gladly splat human plane warship like bug suit purposeswhen imagine giant monster stomping across landscape dont picture overly irritating sidekick character dropping unfunny oneliners cracking unfunny joke enough tiresome comic relief trope bernie trapper obese madison sidekickive fair share kaiju dream remember scary hell id wake heart pounding away like piston nothing remotely funny terrifyingly awesome loved every second themboring family subplot dense dialogue aside godzilla minus one knew score cute plushies cuddle bed monster need start looking playing part,Neutral,0.15845238095238096
keep coming back movie love monster movie enjoy dumbfun action im exact target audience continue fail aside godzilla range mediocre terrible gxk differenti know review compare godzilla minus one every single godzilla shot minus one better every single shot gxk every single action scene minus one better every single one gxk better story character dialogue emotional investment everything minus one better every waythe worst thing say gxk bored didnt care anything happening zero investment partly doesnt really story stuff happens halfway still didnt know story conflict might heading kind build threatthey continue another useless human plot completely formulaic bland one positive highly talented cast theyre given anything work rebecca hall one get show talenteven worse comedic attempt laughed twice nearly sold crowd laughed time rest made cringe theyre like dad joke entirety human story basically kid moviewhat titan rarely show scale monster time perspective monster human always look like theyre foot tall everything around smallereven movement fast like human fighting fall fall second groundshaking impact feel fake nowhere close epic im anticgi big action scene hectic gibberishi give shouldnt difficult dont even need good movie entertaining good action instead get forgettable dumb viewing opening thursday imax,Negative,0.04056399575267501
roaring reverberating monster filled fiasco gorgeous spectacle truest sense visual extravaganza made biggest screen possibleits le treat theaterloving audienceyes human character leave negligible impact punchlines miss mark time really care pleasure eye soulif youre monsterverse fan like wished titan action trust going get theatre big smile face heart fulfilledyour inner child satisfieddont miss,Neutral,0.1888888888888889
experience titan godzilla kongs screen presence many goosebump moment experience movie nearby theatre film showed titan life dont worry lag movie movie going smooth start endwatch theatre experience theatre dont waste movie watching ottthe technician worked lotthe movie greater godzilla v kong screen presence fight titan fabulous great experience watching loved experience movie theatre im gon na spoil,Positive,0.44285714285714295
movie awesome happen godzilla fan im coming knowing anything really loved movie family excited last year first trailer hit wife kid pumped cgi amazing yes sometimes size sometimes change talked kong v godzilla made choice fit better movie fine judge thatanywhoooooo movie fun could really bad cgi story keep watching much fun love godzilla turn pink fight knew wanted gave u wanted fan loooks frrriiiiigin amazing love movie exceeded gross expectationsthis movie fun yes oscar movie hell yeah popcorn movie kid yelling kick hisbutt lol great,Positive,0.3770833333333333
effing loved trying find time go watch year ago academy award entertained idea introducing category outstanding achievement popular film frankly seemed quite silly however followed believe film would strong contender watching imax incredible experience cinematography action sound elevated another level may win best picture undoubtedly offer awesome cinematic experience audience theater reacted superhero movie plenty ooohs ahhhs even cheer film bit slow start kong heavily featured godzilla steal show numerous surprise story substantial expected minor gripe kept anticipating character storyline installment monarch show appear theyre vaguely referenced bit strange everything connected yet fully explored surprisingly mid postcredit scene leaving room speculation future installment hopefully kaiju flick progressively improving entry overall great flick anticipate exceed budget become profitable looking forward come next,Positive,0.20133333333333336
good thing say film truth didnt many expectation term script take üòÇif intention see intelligent film script twist undoubtedly filmnow youre looking epic fight radioactive lizard monkey youre going get youre looking forin installment two new creature join protagonist fight hand hand kong gozillato finish review going give grade based onscript special effect soundtrack acting actor final grade,Neutral,0.28261183261183265
film giant monster fighting death never going groundbreaking term storytelling nonetheless godzilla x kong new empire delivers exactly fan come expectits visually impressive come monster design large scale action scene thrilling great reference showa era godzilla franchise however godzilla sidelined film kong seems get screen time said kong definitely heart film shine every time he screen human character script pacing probably weakest element film dan stevens brian tree henry best human character since bring well needed comedic flair seems rest human character really deliver clunky exposition feel like come nowhere time film either slow going fast like time breathe suddenly pick speed barely time thinkoverall godzilla x kong flawed fun film please longtime fan newcomer confused uninterested,Neutral,0.15717377860235004
godzilla x kong new empire one crazy movie mean completely offthewall thing go movie seen believed dont try guess happen next watching movie keep throwing one outlandish development another said monster fighting new empire great stuff monster hard resist far human cast go hard job competing standout movie far human go brian tyree henry godzilla x kong new empire isnt favorite movie series enjoyed craziness saw amc roosevelt field ny,Neutral,0.06332859848484848
say godzilla x kong reality mostly kong godzilla logical obvious standpoint better stronger kong yet western director monsterverse kind fetish glorify kong blatantly obvious movie bad enough got much limited screen time godzilla main character monsterverse highlighting big monkey doesnt even power relative plot ancient feud skar king skar king feud godzillas ancestor actually fight made kong kong riding shimo actually take gojira mention like time stronger kong laughable ploteither way alright movie really bad direction logic applies monsterverse showcased hope dont anymore godzilla x kong movie cause utterly pointless way try extremely hard show kong equal definitely sense logic,Negative,-0.02483766233766231
godzilla x kong hearkens back time movie didnt take seriously preach messagethe human good good job moving story along monster real star show kong godzilla distinct personality goal awesome seeing story evolveit feel kind like watching old mcuback human castthe main character actually charismatic found hoping wouldnt get eaten definitely mean liked comic relief character bernie came little bit annoying still liked jia freaking awesomefun start finish would love franchise keep going decade come,Positive,0.22916666666666666
dont even know begin expectation low movie went wanted monster fight scene even horrible plot expecting everything bad suspense build much leading anything fight scene come go absolutely satisfaction except first one credit playing random plot element added randomly throughout movie like road driving exciting thrilling waste money wasnt even good kong movie easily one worst attempt making movie ive seen,Negative,-0.11190476190476188
godzilla x kong long sit allpositive small kong fight animal good joke discord guy somebody write guardian galaxy vibe also funny however fine dentist guy nice touch lot happens pilotnegative female lead actrice uch awful kid deaf language bad kong bad gonzilla script first min awful without sense soul way much green screen scene tribe movie soul purpose felt like hour movie whole underworld bit cheesy perfect bring som darkness raw jungle vibessometimes wonder producer make better movie orginial king kong year agothey make movie way funnier focus humor make movie way darker raw bit nothingall make,Neutral,-0.04973009446693657
movie contains ton ton ton action cgi movie incredible million budget comedy movie really good even sometimes hard make laugh movie one might get one scene kong find baby monkey baby monkey attack giant ape kong grab monkey leg hit ape baby monkey throw around opinion really really funny movie doesnt quite earn definitely favorite movie year great movie,Positive,0.2352564102564102
star visual effectsthe actor completely range cringe dated unoriginal music looked like came another movie script nonexistent pure horrific nightmare watchi really wanted gave movie chance movie let completelythe script lost story explanation whatsoever scene already seen zigabillion timesoh happy ending hero course let talk fact million people killed titan kong godzilla fighting middle citieswaste time movie want truly comprehend still make movie already seen heart,Negative,-0.009523809523809521
people make human idiotic character one good argument idiotic movie agree really liked write phrase lot verb presentthe human could totally left aside movie bring nothing table pathetic thats beyond belief rare thing day hollywood moviesthe cinematography ok monster ok souless movie dont care anyone anything turn brain watch want pas time,Negative,0.024242424242424256
